device_id,pm25,pm10,co2,temperature,humidity,timestamp
node-01,32.0,46.9,500,24.5,77.5,2026-08-24T00:00:00
node-01,28.0,41.0,518,23.8,82.4,2026-08-24T01:00:00
node-01,26.4,41.6,537,23.4,83.4,2026-08-24T02:00:00
node-01,28.8,48.6,568,23.2,84.8,2026-08-24T03:00:00
node-01,27.1,43.9,553,22.4,82.4,2026-08-24T04:00:00
node-01,40.7,67.5,543,23.3,80.9,2026-08-24T05:00:00
node-01,43.7,64.2,546,24.8,81.4,2026-08-24T06:00:00
node-01,45.0,66.6,524,26.0,76.9,2026-08-24T07:00:00
node-01,43.8,66.3,489,27.2,74.9,2026-08-24T08:00:00
node-01,41.9,61.5,465,28.1,72.3,2026-08-24T09:00:00
node-01,40.5,60.5,471,28.7,67.2,2026-08-24T10:00:00
node-01,29.8,46.7,491,30.0,68.6,2026-08-24T11:00:00
node-01,31.8,49.4,531,31.0,63.9,2026-08-24T12:00:00
node-01,30.2,42.9,464,30.7,66.1,2026-08-24T13:00:00
node-01,30.0,48.5,478,31.9,58.2,2026-08-24T14:00:00
node-01,34.5,53.0,490,33.0,58.8,2026-08-24T15:00:00
node-01,38.5,64.0,509,31.9,63.1,2026-08-24T16:00:00
node-01,40.1,65.5,461,31.6,61.6,2026-08-24T17:00:00
node-01,52.1,85.9,466,30.9,64.2,2026-08-24T18:00:00
node-01,50.8,72.2,488,30.0,62.6,2026-08-24T19:00:00
node-01,41.7,69.3,476,28.7,69.5,2026-08-24T20:00:00
node-01,40.8,69.3,492,27.5,70.3,2026-08-24T21:00:00
node-01,35.3,55.7,493,26.6,76.5,2026-08-24T22:00:00
node-01,32.4,53.7,512,25.8,78.6,2026-08-24T23:00:00
node-01,30.6,47.2,490,23.8,76.9,2026-08-25T00:00:00
node-01,22.0,33.9,523,22.9,79.4,2026-08-25T01:00:00
node-01,23.1,38.3,548,22.5,84.9,2026-08-25T02:00:00
node-01,26.5,44.4,572,21.6,85.4,2026-08-25T03:00:00
node-01,37.4,63.2,569,23.2,81.9,2026-08-25T04:00:00
node-01,35.9,50.9,576,22.1,86.4,2026-08-25T05:00:00
node-01,37.0,62.4,544,24.2,80.4,2026-08-25T06:00:00
node-01,40.7,64.1,554,23.9,77.1,2026-08-25T07:00:00
node-01,33.2,48.0,497,25.8,74.9,2026-08-25T08:00:00
node-01,33.7,48.4,477,27.1,71.0,2026-08-25T09:00:00
node-01,25.2,39.2,492,28.3,68.4,2026-08-25T10:00:00
node-01,22.3,33.2,494,28.8,69.1,2026-08-25T11:00:00
node-01,39.4,56.0,479,30.1,65.0,2026-08-25T12:00:00
node-01,28.8,41.7,470,31.0,58.9,2026-08-25T13:00:00
node-01,26.3,43.3,478,31.0,63.2,2026-08-25T14:00:00
node-01,29.7,46.5,484,31.3,62.7,2026-08-25T15:00:00
node-01,29.6,45.8,471,31.8,58.2,2026-08-25T16:00:00
node-01,36.7,59.9,481,30.5,60.4,2026-08-25T17:00:00
node-01,41.2,58.6,480,30.7,60.6,2026-08-25T18:00:00
node-01,41.8,60.1,475,28.8,70.0,2026-08-25T19:00:00
node-01,43.9,64.7,473,28.6,71.0,2026-08-25T20:00:00
node-01,35.0,58.8,474,27.6,67.9,2026-08-25T21:00:00
node-01,38.1,57.1,483,26.3,73.6,2026-08-25T22:00:00
node-01,27.5,39.4,506,25.1,75.2,2026-08-25T23:00:00
node-01,36.7,60.1,501,27.9,80.9,2026-08-26T00:00:00
node-01,46.9,69.6,487,26.9,80.8,2026-08-26T01:00:00
node-01,42.1,71.2,537,27.2,88.2,2026-08-26T02:00:00
node-01,35.3,52.7,571,26.2,82.5,2026-08-26T03:00:00
node-01,43.8,61.3,593,27.2,82.5,2026-08-26T04:00:00
node-01,47.4,67.4,548,27.0,80.9,2026-08-26T05:00:00
node-01,54.6,81.5,527,27.6,81.6,2026-08-26T06:00:00
node-01,49.7,79.7,533,29.3,76.4,2026-08-26T07:00:00
node-01,58.5,89.4,498,29.4,73.7,2026-08-26T08:00:00
node-01,50.3,84.0,503,31.2,70.8,2026-08-26T09:00:00
node-01,41.6,68.5,472,32.3,65.9,2026-08-26T10:00:00
node-01,44.2,68.2,482,33.4,65.4,2026-08-26T11:00:00
node-01,,65.6,501,34.3,66.4,2026-08-26T12:00:00
node-01,40.5,61.9,472,35.4,66.1,2026-08-26T13:00:00
node-01,40.8,62.7,509,35.6,57.6,2026-08-26T14:00:00
node-01,50.5,80.0,470,35.5,57.7,2026-08-26T15:00:00
node-01,51.1,78.8,465,35.4,61.9,2026-08-26T16:00:00
node-01,45.4,67.3,477,35.3,62.4,2026-08-26T17:00:00
node-01,53.8,79.1,477,34.1,60.6,2026-08-26T18:00:00
node-01,54.0,79.0,475,32.6,68.1,2026-08-26T19:00:00
node-01,60.1,91.0,459,32.6,69.0,2026-08-26T20:00:00
node-01,54.9,89.2,475,30.6,71.2,2026-08-26T21:00:00
node-01,45.0,67.5,481,29.8,73.3,2026-08-26T22:00:00
node-01,46.3,65.2,495,28.4,79.6,2026-08-26T23:00:00
node-01,42.9,60.7,510,27.7,81.4,2026-08-27T00:00:00
node-01,35.2,58.1,533,27.2,83.2,2026-08-27T01:00:00
node-01,44.0,70.2,540,26.9,80.7,2026-08-27T02:00:00
node-01,41.5,60.0,564,27.0,86.1,2026-08-27T03:00:00
node-01,41.9,60.8,545,26.2,81.5,2026-08-27T04:00:00
node-01,51.1,71.9,559,27.0,85.2,2026-08-27T05:00:00
node-01,54.9,88.2,534,27.8,79.8,2026-08-27T06:00:00
node-01,56.4,95.6,512,28.9,76.2,2026-08-27T07:00:00
node-01,51.6,85.4,497,30.0,74.3,2026-08-27T08:00:00
node-01,52.2,79.9,466,31.0,66.8,2026-08-27T09:00:00
node-01,39.6,60.6,478,32.2,67.3,2026-08-27T10:00:00
node-01,48.3,71.2,496,32.8,66.6,2026-08-27T11:00:00
node-01,41.8,61.2,472,34.4,61.8,2026-08-27T12:00:00
node-01,40.2,67.7,482,35.5,63.2,2026-08-27T13:00:00
node-01,38.7,59.9,459,35.5,59.6,2026-08-27T14:00:00
node-01,40.6,62.6,498,35.2,59.6,2026-08-27T15:00:00
node-01,44.9,66.2,468,35.6,61.3,2026-08-27T16:00:00
node-01,51.1,74.9,470,34.4,61.9,2026-08-27T17:00:00
node-01,,80.9,486,34.3,64.8,2026-08-27T18:00:00
node-01,56.4,88.3,520,33.3,65.0,2026-08-27T19:00:00
node-01,59.5,91.7,465,32.0,69.4,2026-08-27T20:00:00
node-01,43.6,66.3,483,31.6,73.3,2026-08-27T21:00:00
node-01,42.7,72.5,475,30.4,77.4,2026-08-27T22:00:00
node-01,43.2,66.3,498,28.1,79.4,2026-08-27T23:00:00
node-01,23.7,39.9,482,24.6,81.8,2026-08-28T00:00:00
node-01,29.5,41.3,521,23.3,83.2,2026-08-28T01:00:00
node-01,27.3,41.9,517,23.0,79.4,2026-08-28T02:00:00
node-01,25.0,38.2,531,22.7,83.2,2026-08-28T03:00:00
node-01,34.9,52.1,573,23.4,81.0,2026-08-28T04:00:00
node-01,35.6,59.9,539,23.4,82.4,2026-08-28T05:00:00
node-01,40.8,60.2,545,25.4,83.3,2026-08-28T06:00:00
node-01,61.7,98.8,498,25.5,78.6,2026-08-28T07:00:00
node-01,38.8,56.4,470,26.1,73.7,2026-08-28T08:00:00
node-01,35.9,57.5,498,27.9,70.6,2026-08-28T09:00:00
node-01,39.6,62.0,473,28.5,69.4,2026-08-28T10:00:00
node-01,26.0,44.1,490,29.7,63.9,2026-08-28T11:00:00
node-01,24.7,39.2,499,30.9,62.2,2026-08-28T12:00:00
node-01,23.2,33.3,488,32.2,61.1,2026-08-28T13:00:00
node-01,24.7,35.3,474,32.9,60.2,2026-08-28T14:00:00
node-01,33.5,54.1,464,31.9,59.9,2026-08-28T15:00:00
node-01,34.8,52.7,498,32.5,59.3,2026-08-28T16:00:00
node-01,38.5,58.7,506,32.1,60.7,2026-08-28T17:00:00
node-01,43.0,73.1,499,30.7,63.6,2026-08-28T18:00:00
node-01,42.0,64.5,473,29.9,67.2,2026-08-28T19:00:00
node-01,45.3,64.0,505,28.9,65.8,2026-08-28T20:00:00
node-01,35.8,60.7,456,27.6,72.0,2026-08-28T21:00:00
node-01,40.1,61.4,457,26.1,74.7,2026-08-28T22:00:00
node-01,29.9,46.1,472,25.8,77.7,2026-08-28T23:00:00
node-01,34.9,52.8,474,24.7,83.4,2026-08-29T00:00:00
node-01,31.6,50.2,517,25.5,79.1,2026-08-29T01:00:00
node-01,35.0,58.2,552,23.2,84.7,2026-08-29T02:00:00
node-01,32.3,48.9,549,23.9,86.0,2026-08-29T03:00:00
node-01,34.9,58.0,575,23.6,82.6,2026-08-29T04:00:00
node-01,36.4,53.7,564,25.0,82.6,2026-08-29T05:00:00
node-01,47.7,71.7,553,24.5,79.0,2026-08-29T06:00:00
node-01,49.6,75.2,508,25.6,78.2,2026-08-29T07:00:00
node-01,48.7,82.5,497,26.8,73.8,2026-08-29T08:00:00
node-01,39.3,62.2,482,27.3,72.1,2026-08-29T09:00:00
node-01,31.2,49.6,473,28.9,66.8,2026-08-29T10:00:00
node-01,34.3,57.3,462,30.2,64.6,2026-08-29T11:00:00
node-01,30.2,45.0,473,31.3,62.3,2026-08-29T12:00:00
node-01,35.2,58.9,476,32.2,60.3,2026-08-29T13:00:00
node-01,33.2,49.9,456,33.2,63.8,2026-08-29T14:00:00
node-01,36.6,62.0,461,33.3,59.3,2026-08-29T15:00:00
node-01,40.9,62.8,481,32.2,57.8,2026-08-29T16:00:00
node-01,42.8,62.9,477,32.9,62.3,2026-08-29T17:00:00
node-01,46.3,76.3,485,31.6,62.6,2026-08-29T18:00:00
node-01,51.3,79.4,475,31.1,68.4,2026-08-29T19:00:00
node-01,42.8,72.1,458,28.7,70.5,2026-08-29T20:00:00
node-01,44.8,68.2,490,28.2,71.8,2026-08-29T21:00:00
node-01,43.4,62.1,470,26.8,72.8,2026-08-29T22:00:00
node-01,30.5,43.8,485,26.1,76.2,2026-08-29T23:00:00
node-01,35.6,52.4,501,24.9,82.3,2026-08-30T00:00:00
node-01,29.4,48.8,,23.7,83.4,2026-08-30T01:00:00
node-01,30.3,43.6,533,23.3,84.8,2026-08-30T02:00:00
node-01,36.9,54.3,563,23.1,85.1,2026-08-30T03:00:00
node-01,26.1,40.3,565,23.4,81.2,2026-08-30T04:00:00
node-01,38.9,63.6,559,24.1,80.6,2026-08-30T05:00:00
node-01,48.1,73.1,546,24.3,78.3,2026-08-30T06:00:00
node-01,51.4,73.0,526,25.3,80.8,2026-08-30T07:00:00
node-01,48.7,74.8,497,26.4,74.5,2026-08-30T08:00:00
node-01,33.8,54.6,466,27.8,74.1,2026-08-30T09:00:00
node-01,28.6,40.9,486,28.3,70.2,2026-08-30T10:00:00
node-01,31.2,51.5,478,30.1,66.5,2026-08-30T11:00:00
node-01,23.9,37.5,473,30.8,64.4,2026-08-30T12:00:00
node-01,28.8,46.5,449,32.1,61.1,2026-08-30T13:00:00
node-01,30.7,45.0,501,32.6,62.8,2026-08-30T14:00:00
node-01,24.5,40.5,467,32.9,59.4,2026-08-30T15:00:00
node-01,43.5,71.7,485,32.0,61.7,2026-08-30T16:00:00
node-01,39.3,65.3,481,31.2,60.8,2026-08-30T17:00:00
node-01,51.0,74.7,484,30.5,64.4,2026-08-30T18:00:00
node-01,47.5,67.7,460,30.1,66.4,2026-08-30T19:00:00
node-01,43.7,67.5,501,28.5,69.5,2026-08-30T20:00:00
node-01,36.5,58.5,485,27.1,72.2,2026-08-30T21:00:00
node-01,34.0,50.7,478,26.6,76.2,2026-08-30T22:00:00
node-01,37.6,54.6,481,25.0,80.1,2026-08-30T23:00:00
node-01,37.0,52.3,511,25.8,81.0,2026-08-31T00:00:00
node-01,24.2,36.9,506,24.2,82.7,2026-08-31T01:00:00
node-01,24.5,41.1,521,24.4,85.6,2026-08-31T02:00:00
node-01,27.1,40.5,559,23.4,85.5,2026-08-31T03:00:00
node-01,37.5,62.7,581,23.3,86.2,2026-08-31T04:00:00
node-01,39.3,57.3,569,23.6,80.4,2026-08-31T05:00:00
node-01,45.7,74.3,522,24.9,78.3,2026-08-31T06:00:00
node-01,44.1,73.2,500,25.6,77.2,2026-08-31T07:00:00
node-01,44.0,62.3,509,26.5,75.0,2026-08-31T08:00:00
node-01,39.9,66.2,482,28.4,69.8,2026-08-31T09:00:00
node-01,27.2,45.4,473,28.5,70.0,2026-08-31T10:00:00
node-01,28.8,40.9,481,31.0,68.6,2026-08-31T11:00:00
node-01,27.7,40.8,479,30.8,64.3,2026-08-31T12:00:00
node-01,27.8,42.3,488,31.7,63.9,2026-08-31T13:00:00
node-01,32.3,51.8,482,32.3,63.5,2026-08-31T14:00:00
node-01,34.8,54.8,470,32.8,61.4,2026-08-31T15:00:00
node-01,31.5,53.0,492,32.3,62.2,2026-08-31T16:00:00
node-01,37.1,60.2,455,31.8,59.4,2026-08-31T17:00:00
node-01,43.3,63.0,490,31.4,68.3,2026-08-31T18:00:00
node-01,48.9,80.8,484,30.9,68.0,2026-08-31T19:00:00
node-01,49.2,80.2,483,29.5,70.3,2026-08-31T20:00:00
node-01,41.7,60.5,452,27.7,72.8,2026-08-31T21:00:00
node-01,32.6,53.0,484,26.4,75.9,2026-08-31T22:00:00
node-01,24.8,37.5,485,26.9,76.1,2026-08-31T23:00:00
node-01,17.0,28.0,491,24.2,79.4,2026-09-01T00:00:00
node-01,30.9,44.2,503,23.8,79.2,2026-09-01T01:00:00
node-01,26.3,38.0,572,22.0,85.4,2026-09-01T02:00:00
node-01,28.0,39.6,564,22.5,84.0,2026-09-01T03:00:00
node-01,40.4,66.7,576,22.5,80.7,2026-09-01T04:00:00
node-01,,56.9,541,23.3,80.3,2026-09-01T05:00:00
node-01,42.2,66.0,568,24.0,78.1,2026-09-01T06:00:00
node-01,44.9,68.5,521,25.2,75.9,2026-09-01T07:00:00
node-01,41.9,65.1,496,26.1,76.2,2026-09-01T08:00:00
node-01,36.8,58.9,502,28.2,74.8,2026-09-01T09:00:00
node-01,19.4,30.4,480,28.1,70.3,2026-09-01T10:00:00
node-01,28.5,46.6,483,29.2,68.7,2026-09-01T11:00:00
node-01,27.3,38.6,466,29.8,62.5,2026-09-01T12:00:00
node-01,21.5,34.2,485,31.2,60.9,2026-09-01T13:00:00
node-01,27.8,40.6,484,32.5,61.6,2026-09-01T14:00:00
node-01,26.8,43.6,476,31.9,61.8,2026-09-01T15:00:00
node-01,32.1,48.5,486,32.1,58.3,2026-09-01T16:00:00
node-01,42.8,66.3,477,31.6,60.5,2026-09-01T17:00:00
node-01,48.0,79.0,489,30.1,63.0,2026-09-01T18:00:00
node-01,43.4,66.3,499,29.4,64.3,2026-09-01T19:00:00
node-01,34.7,51.4,522,29.4,68.3,2026-09-01T20:00:00
node-01,33.5,53.7,500,27.5,71.7,2026-09-01T21:00:00
node-01,34.6,56.5,481,25.9,76.6,2026-09-01T22:00:00
node-01,25.5,38.5,446,25.1,75.4,2026-09-01T23:00:00
node-01,38.2,54.8,488,27.9,78.1,2026-09-02T00:00:00
node-01,39.8,61.0,528,27.5,82.4,2026-09-02T01:00:00
node-01,45.9,70.5,560,27.1,82.3,2026-09-02T02:00:00
node-01,43.2,65.0,550,27.1,85.0,2026-09-02T03:00:00
node-01,41.8,66.5,536,26.9,81.3,2026-09-02T04:00:00
node-01,53.8,75.7,581,26.8,81.8,2026-09-02T05:00:00
node-01,53.9,80.5,536,28.6,80.5,2026-09-02T06:00:00
node-01,58.7,99.3,511,28.6,76.3,2026-09-02T07:00:00
node-01,60.3,96.0,480,30.4,79.8,2026-09-02T08:00:00
node-01,51.2,74.0,490,31.3,73.5,2026-09-02T09:00:00
node-01,51.9,85.8,470,32.3,71.7,2026-09-02T10:00:00
node-01,39.6,61.4,498,33.8,70.2,2026-09-02T11:00:00
node-01,39.3,65.0,460,33.6,62.1,2026-09-02T12:00:00
node-01,36.9,58.9,464,35.0,59.5,2026-09-02T13:00:00
node-01,38.5,64.9,471,34.7,60.8,2026-09-02T14:00:00
node-01,43.7,66.9,482,35.3,60.1,2026-09-02T15:00:00
node-01,44.6,74.0,456,35.7,60.2,2026-09-02T16:00:00
node-01,49.0,72.5,495,35.0,62.5,2026-09-02T17:00:00
node-01,53.6,89.0,472,34.5,65.0,2026-09-02T18:00:00
node-01,58.4,90.8,462,33.0,66.0,2026-09-02T19:00:00
node-01,45.5,66.6,478,32.2,69.4,2026-09-02T20:00:00
node-01,48.4,75.6,466,31.3,70.3,2026-09-02T21:00:00
node-01,46.2,70.2,465,29.7,74.5,2026-09-02T22:00:00
node-01,35.6,52.8,479,29.5,77.8,2026-09-02T23:00:00
node-01,34.4,51.7,514,28.5,79.2,2026-09-03T00:00:00
node-01,38.8,55.9,516,27.0,84.4,2026-09-03T01:00:00
node-01,36.7,58.1,539,27.4,88.8,2026-09-03T02:00:00
node-01,37.4,58.3,585,26.5,82.4,2026-09-03T03:00:00
node-01,38.9,61.3,532,26.9,80.5,2026-09-03T04:00:00
node-01,38.9,63.6,567,27.3,79.8,2026-09-03T05:00:00
node-01,57.9,91.8,558,28.0,79.5,2026-09-03T06:00:00
node-01,59.8,84.1,514,28.8,79.1,2026-09-03T07:00:00
node-01,56.6,94.1,464,29.9,74.4,2026-09-03T08:00:00
node-01,46.6,72.6,507,31.0,73.1,2026-09-03T09:00:00
node-01,39.8,64.3,502,31.9,66.5,2026-09-03T10:00:00
node-01,41.4,60.8,499,33.7,65.7,2026-09-03T11:00:00
node-01,39.3,59.1,467,34.9,62.1,2026-09-03T12:00:00
node-01,38.5,65.2,466,35.4,57.1,2026-09-03T13:00:00
node-01,39.3,59.1,503,35.2,61.0,2026-09-03T14:00:00
node-01,33.4,53.7,471,36.0,62.1,2026-09-03T15:00:00
node-01,43.5,69.2,463,35.8,61.1,2026-09-03T16:00:00
node-01,51.0,79.8,478,35.4,60.7,2026-09-03T17:00:00
node-01,53.2,89.9,481,34.0,66.1,2026-09-03T18:00:00
node-01,53.6,86.7,471,34.2,64.3,2026-09-03T19:00:00
node-01,59.9,101.8,510,31.9,70.3,2026-09-03T20:00:00
node-01,58.2,81.6,466,30.9,71.6,2026-09-03T21:00:00
node-01,50.8,78.6,478,30.7,73.6,2026-09-03T22:00:00
node-01,44.2,68.0,485,28.8,79.3,2026-09-03T23:00:00
node-01,28.5,47.2,488,25.0,78.2,2026-09-04T00:00:00
node-01,27.2,39.2,508,23.6,83.7,2026-09-04T01:00:00
node-01,28.9,43.1,503,23.3,83.3,2026-09-04T02:00:00
node-01,31.5,47.0,564,22.7,85.3,2026-09-04T03:00:00
node-01,31.7,53.1,576,23.1,86.2,2026-09-04T04:00:00
node-01,41.4,65.5,581,23.3,83.7,2026-09-04T05:00:00
node-01,42.2,62.2,531,24.5,76.4,2026-09-04T06:00:00
node-01,45.9,72.0,510,25.8,79.0,2026-09-04T07:00:00
node-01,45.7,71.1,508,26.7,76.0,2026-09-04T08:00:00
node-01,30.4,46.7,485,27.2,71.8,2026-09-04T09:00:00
node-01,34.7,52.7,459,29.1,65.9,2026-09-04T10:00:00
node-01,28.9,49.1,485,30.0,65.7,2026-09-04T11:00:00
node-01,23.0,37.5,494,31.4,63.1,2026-09-04T12:00:00
node-01,22.7,38.0,500,31.1,63.7,2026-09-04T13:00:00
node-01,27.1,39.4,468,31.5,59.8,2026-09-04T14:00:00
node-01,31.7,47.2,480,31.9,57.8,2026-09-04T15:00:00
node-01,34.3,50.9,493,32.6,59.2,2026-09-04T16:00:00
node-01,33.4,55.6,492,31.8,61.7,2026-09-04T17:00:00
node-01,39.2,55.5,466,30.8,61.5,2026-09-04T18:00:00
node-01,47.3,73.4,476,29.7,69.6,2026-09-04T19:00:00
node-01,39.4,59.0,467,28.7,69.9,2026-09-04T20:00:00
node-01,38.9,65.5,485,28.3,69.0,2026-09-04T21:00:00
node-01,23.5,39.5,481,26.1,72.0,2026-09-04T22:00:00
node-01,33.1,53.8,491,24.6,78.6,2026-09-04T23:00:00
node-01,34.3,58.0,488,24.7,80.1,2026-09-05T00:00:00
node-01,24.4,40.4,489,24.7,84.2,2026-09-05T01:00:00
node-01,27.6,45.9,522,24.0,86.7,2026-09-05T02:00:00
node-01,23.1,34.6,565,23.6,83.9,2026-09-05T03:00:00
node-01,45.5,70.2,609,23.7,86.3,2026-09-05T04:00:00
node-01,32.5,49.2,553,23.8,82.0,2026-09-05T05:00:00
node-01,43.2,73.2,540,24.1,81.2,2026-09-05T06:00:00
node-01,43.4,63.6,526,26.0,79.2,2026-09-05T07:00:00
node-01,43.1,64.6,502,26.3,77.7,2026-09-05T08:00:00
node-01,37.8,62.2,476,28.6,71.4,2026-09-05T09:00:00
node-01,34.5,55.8,473,28.3,69.2,2026-09-05T10:00:00
node-01,32.1,53.1,482,30.9,65.0,2026-09-05T11:00:00
node-01,31.7,51.1,471,31.7,63.7,2026-09-05T12:00:00
node-01,27.3,42.2,462,31.9,61.6,2026-09-05T13:00:00
node-01,27.5,46.6,477,33.1,60.8,2026-09-05T14:00:00
node-01,33.9,48.4,476,32.7,61.1,2026-09-05T15:00:00
node-01,35.2,53.2,494,32.0,61.8,2026-09-05T16:00:00
node-01,37.6,60.0,453,32.4,59.0,2026-09-05T17:00:00
node-01,44.4,62.3,478,31.5,65.6,2026-09-05T18:00:00
node-01,40.6,58.0,468,30.2,65.9,2026-09-05T19:00:00
node-01,49.2,69.6,468,30.0,70.9,2026-09-05T20:00:00
node-01,49.8,74.4,487,28.6,71.4,2026-09-05T21:00:00
node-01,34.4,49.8,483,26.9,78.9,2026-09-05T22:00:00
node-01,29.0,41.8,501,26.4,77.8,2026-09-05T23:00:00
node-01,18.3,27.5,509,23.6,75.5,2026-09-06T00:00:00
node-01,28.5,48.4,518,22.4,82.5,2026-09-06T01:00:00
node-01,23.1,32.9,520,21.8,81.2,2026-09-06T02:00:00
node-01,30.1,47.9,,22.2,82.3,2026-09-06T03:00:00
node-01,28.0,41.5,583,22.5,84.5,2026-09-06T04:00:00
node-01,33.8,50.9,563,23.2,83.9,2026-09-06T05:00:00
node-01,39.5,56.3,554,24.2,78.0,2026-09-06T06:00:00
node-01,45.2,65.2,529,24.3,80.2,2026-09-06T07:00:00
node-01,36.5,51.9,506,25.5,76.6,2026-09-06T08:00:00
node-01,35.2,52.5,494,27.0,71.4,2026-09-06T09:00:00
node-01,27.6,45.4,494,28.5,64.7,2026-09-06T10:00:00
node-01,29.1,43.5,477,30.0,64.8,2026-09-06T11:00:00
node-01,20.4,30.0,481,29.4,66.1,2026-09-06T12:00:00
node-01,20.6,32.2,472,30.4,59.3,2026-09-06T13:00:00
node-01,25.0,37.2,464,30.8,56.9,2026-09-06T14:00:00
node-01,22.1,32.5,480,30.9,57.3,2026-09-06T15:00:00
node-01,35.7,54.3,478,30.1,60.2,2026-09-06T16:00:00
node-01,37.2,62.1,466,30.0,61.0,2026-09-06T17:00:00
node-01,39.2,62.5,468,31.0,65.1,2026-09-06T18:00:00
node-01,43.5,66.5,441,29.3,66.1,2026-09-06T19:00:00
node-01,36.6,56.1,470,27.3,71.1,2026-09-06T20:00:00
node-01,35.7,51.1,482,25.8,74.6,2026-09-06T21:00:00
node-01,33.3,51.2,490,25.7,77.3,2026-09-06T22:00:00
node-01,26.6,39.6,467,24.5,77.1,2026-09-06T23:00:00
node-01,35.0,51.6,535,24.7,81.5,2026-09-07T00:00:00
node-01,29.6,43.1,531,23.7,80.7,2026-09-07T01:00:00
node-01,31.1,47.2,559,23.4,82.3,2026-09-07T02:00:00
node-01,32.0,53.2,564,23.5,85.6,2026-09-07T03:00:00
node-01,36.3,57.8,556,23.0,82.0,2026-09-07T04:00:00
node-01,41.4,68.1,544,23.8,80.8,2026-09-07T05:00:00
node-01,45.6,68.0,545,24.9,83.3,2026-09-07T06:00:00
node-01,49.6,72.2,527,25.2,75.7,2026-09-07T07:00:00
node-01,39.9,57.5,492,26.5,77.1,2026-09-07T08:00:00
node-01,40.5,66.6,487,28.3,71.5,2026-09-07T09:00:00
node-01,26.5,41.0,496,29.1,69.1,2026-09-07T10:00:00
node-01,29.5,42.8,499,29.4,66.9,2026-09-07T11:00:00
node-01,30.9,50.4,484,31.2,61.8,2026-09-07T12:00:00
node-01,28.3,48.0,461,32.3,63.9,2026-09-07T13:00:00
node-01,34.2,51.5,479,32.3,58.4,2026-09-07T14:00:00
node-01,32.1,50.6,507,31.9,62.5,2026-09-07T15:00:00
node-01,36.7,53.7,487,32.5,61.1,2026-09-07T16:00:00
node-01,37.2,55.3,500,31.6,65.5,2026-09-07T17:00:00
node-01,53.4,87.3,501,32.1,60.5,2026-09-07T18:00:00
node-01,49.1,79.2,471,30.4,63.0,2026-09-07T19:00:00
node-01,42.2,64.3,474,28.4,69.7,2026-09-07T20:00:00
node-01,36.8,61.9,,27.2,75.6,2026-09-07T21:00:00
node-01,35.9,58.1,455,26.1,75.9,2026-09-07T22:00:00
node-01,28.8,44.0,477,25.6,79.5,2026-09-07T23:00:00
node-01,24.3,36.5,491,24.4,79.9,2026-09-08T00:00:00
node-01,26.5,43.9,518,23.7,82.4,2026-09-08T01:00:00
node-01,27.9,44.5,532,23.8,87.5,2026-09-08T02:00:00
node-01,29.7,49.6,575,23.3,85.7,2026-09-08T03:00:00
node-01,33.1,53.3,591,23.7,83.6,2026-09-08T04:00:00
node-01,37.5,60.3,559,24.2,77.0,2026-09-08T05:00:00
node-01,47.3,76.6,546,24.7,81.5,2026-09-08T06:00:00
node-01,47.5,68.4,,25.6,78.0,2026-09-08T07:00:00
node-01,41.2,66.6,485,26.3,74.3,2026-09-08T08:00:00
node-01,38.8,55.5,482,27.6,69.3,2026-09-08T09:00:00
node-01,31.6,46.9,490,29.2,70.2,2026-09-08T10:00:00
node-01,30.8,51.0,458,29.7,64.6,2026-09-08T11:00:00
node-01,28.7,40.6,467,31.6,60.5,2026-09-08T12:00:00
node-01,23.3,36.3,480,32.7,60.8,2026-09-08T13:00:00
node-01,32.6,49.2,465,31.7,57.3,2026-09-08T14:00:00
node-01,32.4,47.9,480,32.3,60.2,2026-09-08T15:00:00
node-01,31.1,47.4,467,31.9,59.6,2026-09-08T16:00:00
node-01,38.8,60.3,492,31.7,65.1,2026-09-08T17:00:00
node-01,39.3,63.0,458,31.4,64.8,2026-09-08T18:00:00
node-01,48.1,73.6,482,29.4,66.8,2026-09-08T19:00:00
node-01,44.2,71.3,472,28.7,67.8,2026-09-08T20:00:00
node-01,40.7,59.0,456,28.1,74.5,2026-09-08T21:00:00
node-01,34.4,56.5,476,26.5,75.8,2026-09-08T22:00:00
node-01,34.8,52.5,487,24.9,78.0,2026-09-08T23:00:00
node-01,44.2,71.5,509,28.0,82.8,2026-09-09T00:00:00
node-01,40.2,60.9,533,27.7,86.1,2026-09-09T01:00:00
node-01,45.9,70.0,527,26.6,85.5,2026-09-09T02:00:00
node-01,44.7,69.3,568,26.8,83.3,2026-09-09T03:00:00
node-01,45.5,70.0,568,26.6,87.4,2026-09-09T04:00:00
node-01,51.9,81.4,561,27.0,85.0,2026-09-09T05:00:00
node-01,48.4,70.6,,28.5,78.5,2026-09-09T06:00:00
node-01,55.5,83.5,,29.3,74.5,2026-09-09T07:00:00
node-01,51.0,82.5,473,30.3,76.6,2026-09-09T08:00:00
node-01,61.9,99.9,506,31.9,74.5,2026-09-09T09:00:00
node-01,42.8,72.4,468,32.4,69.4,2026-09-09T10:00:00
node-01,45.9,70.2,489,33.6,65.7,2026-09-09T11:00:00
node-01,42.3,68.6,458,34.1,65.0,2026-09-09T12:00:00
node-01,41.2,59.6,460,35.2,63.5,2026-09-09T13:00:00
node-01,43.5,64.9,477,35.4,61.4,2026-09-09T14:00:00
node-01,45.3,64.0,459,35.8,58.5,2026-09-09T15:00:00
node-01,42.9,68.8,494,35.4,66.5,2026-09-09T16:00:00
node-01,44.6,65.8,487,34.3,62.5,2026-09-09T17:00:00
node-01,61.4,88.4,442,34.5,61.8,2026-09-09T18:00:00
node-01,55.3,90.9,474,33.5,66.1,2026-09-09T19:00:00
node-01,61.9,102.1,503,32.2,69.4,2026-09-09T20:00:00
node-01,44.3,67.3,467,31.7,72.6,2026-09-09T21:00:00
node-01,47.1,78.4,491,30.5,75.7,2026-09-09T22:00:00
node-01,38.1,54.0,489,28.8,79.1,2026-09-09T23:00:00
node-01,34.4,56.4,494,28.3,74.7,2026-09-10T00:00:00
node-01,35.6,59.6,511,26.8,82.4,2026-09-10T01:00:00
node-01,41.9,68.4,571,27.9,85.8,2026-09-10T02:00:00
node-01,52.1,74.5,561,26.4,82.7,2026-09-10T03:00:00
node-01,56.6,83.0,587,27.2,80.7,2026-09-10T04:00:00
node-01,50.6,79.8,553,27.4,79.5,2026-09-10T05:00:00
node-01,52.3,82.1,505,27.7,80.0,2026-09-10T06:00:00
node-01,54.6,84.5,517,29.1,78.8,2026-09-10T07:00:00
node-01,64.2,93.8,498,30.4,77.4,2026-09-10T08:00:00
node-01,48.9,77.1,490,31.7,70.3,2026-09-10T09:00:00
node-01,47.8,80.4,478,32.1,69.5,2026-09-10T10:00:00
node-01,46.6,76.3,511,33.9,65.3,2026-09-10T11:00:00
node-01,37.1,60.7,447,34.4,66.1,2026-09-10T12:00:00
node-01,39.5,63.9,472,35.9,60.1,2026-09-10T13:00:00
node-01,41.8,66.1,479,36.4,57.9,2026-09-10T14:00:00
node-01,44.5,72.3,476,35.7,65.7,2026-09-10T15:00:00
node-01,51.2,81.5,492,35.8,59.0,2026-09-10T16:00:00
node-01,53.7,76.9,484,35.4,61.6,2026-09-10T17:00:00
node-01,59.4,89.9,468,34.1,63.3,2026-09-10T18:00:00
node-01,54.4,78.8,461,34.0,67.7,2026-09-10T19:00:00
node-01,57.4,83.3,478,31.8,71.2,2026-09-10T20:00:00
node-01,55.4,87.8,491,31.0,72.1,2026-09-10T21:00:00
node-01,47.6,68.1,474,30.0,76.4,2026-09-10T22:00:00
node-01,42.0,62.3,468,28.9,78.6,2026-09-10T23:00:00
node-01,23.2,34.5,510,23.4,78.2,2026-09-11T00:00:00
node-01,27.6,39.3,527,23.2,81.0,2026-09-11T01:00:00
node-01,25.3,39.5,534,22.9,87.4,2026-09-11T02:00:00
node-01,26.8,39.3,578,22.4,84.7,2026-09-11T03:00:00
node-01,33.1,51.7,577,23.1,83.1,2026-09-11T04:00:00
node-01,36.9,57.6,547,23.3,80.7,2026-09-11T05:00:00
node-01,48.8,78.8,555,22.8,80.4,2026-09-11T06:00:00
node-01,42.4,69.0,511,25.2,83.1,2026-09-11T07:00:00
node-01,44.1,74.8,509,24.4,77.8,2026-09-11T08:00:00
node-01,34.7,58.1,520,27.2,72.8,2026-09-11T09:00:00
node-01,29.2,48.5,498,28.2,66.2,2026-09-11T10:00:00
node-01,25.2,39.7,485,29.2,61.3,2026-09-11T11:00:00
node-01,28.9,45.1,487,29.8,65.2,2026-09-11T12:00:00
node-01,25.3,37.5,477,31.1,63.8,2026-09-11T13:00:00
node-01,29.5,43.4,471,31.2,55.9,2026-09-11T14:00:00
node-01,29.8,44.2,468,30.8,60.2,2026-09-11T15:00:00
node-01,39.0,59.8,510,31.4,59.0,2026-09-11T16:00:00
node-01,37.9,62.4,489,30.7,58.2,2026-09-11T17:00:00
node-01,39.5,59.0,479,29.8,63.5,2026-09-11T18:00:00
node-01,46.5,76.7,481,29.3,64.7,2026-09-11T19:00:00
node-01,40.9,67.4,468,27.5,68.8,2026-09-11T20:00:00
node-01,33.1,48.1,494,27.2,70.1,2026-09-11T21:00:00
node-01,37.0,59.4,464,25.6,77.0,2026-09-11T22:00:00
node-01,36.1,57.6,473,24.5,76.6,2026-09-11T23:00:00
node-01,,49.7,496,24.5,78.3,2026-09-12T00:00:00
node-01,30.9,52.2,504,23.8,80.8,2026-09-12T01:00:00
node-01,29.9,47.9,557,23.8,81.8,2026-09-12T02:00:00
node-01,26.9,40.7,536,23.2,81.8,2026-09-12T03:00:00
node-01,44.7,71.2,587,23.9,82.4,2026-09-12T04:00:00
node-01,38.2,62.3,569,24.7,80.3,2026-09-12T05:00:00
node-01,41.7,67.4,521,24.0,74.8,2026-09-12T06:00:00
node-01,46.9,75.6,519,25.5,77.4,2026-09-12T07:00:00
node-01,38.1,63.7,492,26.6,73.0,2026-09-12T08:00:00
node-01,40.7,58.2,480,28.2,73.1,2026-09-12T09:00:00
node-01,36.2,54.3,503,29.5,69.9,2026-09-12T10:00:00
node-01,31.8,47.0,467,30.0,69.8,2026-09-12T11:00:00
node-01,21.7,30.8,462,31.5,62.0,2026-09-12T12:00:00
node-01,29.5,48.9,484,32.1,62.6,2026-09-12T13:00:00
node-01,34.2,51.1,470,32.2,57.0,2026-09-12T14:00:00
node-01,34.6,48.5,499,32.4,63.3,2026-09-12T15:00:00
node-01,28.7,40.9,481,31.9,58.5,2026-09-12T16:00:00
node-01,39.8,58.1,482,31.9,61.8,2026-09-12T17:00:00
node-01,47.8,75.9,500,31.2,66.6,2026-09-12T18:00:00
node-01,43.7,63.4,493,30.4,64.5,2026-09-12T19:00:00
node-01,42.6,71.0,472,29.5,68.8,2026-09-12T20:00:00
node-01,44.3,74.2,513,27.8,72.8,2026-09-12T21:00:00
node-01,35.0,50.8,460,26.5,77.3,2026-09-12T22:00:00
node-01,31.9,45.1,498,26.3,77.9,2026-09-12T23:00:00
node-01,25.8,40.4,505,24.4,80.7,2026-09-13T00:00:00
node-01,27.3,43.6,537,23.9,85.1,2026-09-13T01:00:00
node-01,34.5,49.5,554,23.6,84.2,2026-09-13T02:00:00
node-01,30.0,43.8,579,23.2,82.4,2026-09-13T03:00:00
node-01,35.6,53.4,603,24.1,83.6,2026-09-13T04:00:00
node-01,37.3,53.2,553,23.3,82.2,2026-09-13T05:00:00
node-01,45.8,68.2,584,24.5,80.7,2026-09-13T06:00:00
node-01,45.3,67.7,542,25.6,77.1,2026-09-13T07:00:00
node-01,47.9,69.5,480,26.4,76.8,2026-09-13T08:00:00
node-01,44.5,64.7,502,27.0,75.0,2026-09-13T09:00:00
node-01,37.4,59.6,460,29.1,68.0,2026-09-13T10:00:00
node-01,32.6,49.7,477,29.5,64.1,2026-09-13T11:00:00
node-01,26.7,37.6,489,30.7,60.0,2026-09-13T12:00:00
node-01,31.1,47.4,476,32.0,62.1,2026-09-13T13:00:00
node-01,26.9,42.3,456,31.2,58.2,2026-09-13T14:00:00
node-01,25.4,36.3,476,32.2,58.7,2026-09-13T15:00:00
node-01,29.3,45.9,498,32.3,60.4,2026-09-13T16:00:00
node-01,44.6,74.1,456,32.2,62.7,2026-09-13T17:00:00
node-01,47.7,76.0,483,30.8,64.4,2026-09-13T18:00:00
node-01,39.7,60.9,489,30.4,67.6,2026-09-13T19:00:00
node-01,40.7,57.0,490,29.5,70.4,2026-09-13T20:00:00
node-01,37.3,59.7,479,28.2,71.4,2026-09-13T21:00:00
node-01,30.1,47.7,485,26.1,75.6,2026-09-13T22:00:00
node-01,31.7,47.6,469,26.1,73.5,2026-09-13T23:00:00
node-01,31.5,45.4,500,24.5,77.4,2026-09-14T00:00:00
node-01,32.8,49.8,548,23.3,83.3,2026-09-14T01:00:00
node-01,21.6,35.7,557,22.9,81.8,2026-09-14T02:00:00
node-01,32.5,50.4,559,23.2,83.9,2026-09-14T03:00:00
node-01,28.5,47.8,571,23.7,86.0,2026-09-14T04:00:00
node-01,34.3,57.1,574,23.6,82.3,2026-09-14T05:00:00
node-01,44.7,75.5,528,25.1,80.1,2026-09-14T06:00:00
node-01,45.2,67.3,492,25.4,74.2,2026-09-14T07:00:00
node-01,42.6,67.6,490,26.6,76.9,2026-09-14T08:00:00
node-01,32.5,50.4,456,27.7,70.3,2026-09-14T09:00:00
node-01,28.1,45.0,484,28.5,70.5,2026-09-14T10:00:00
node-01,34.6,53.9,458,30.3,66.2,2026-09-14T11:00:00
node-01,29.5,43.8,471,31.0,67.3,2026-09-14T12:00:00
node-01,29.5,48.5,476,32.4,64.0,2026-09-14T13:00:00
node-01,29.8,43.8,460,32.4,56.9,2026-09-14T14:00:00
node-01,35.2,59.4,473,32.7,59.7,2026-09-14T15:00:00
node-01,35.0,57.2,500,32.7,57.7,2026-09-14T16:00:00
node-01,36.1,56.5,459,31.2,59.5,2026-09-14T17:00:00
node-01,47.8,69.6,500,31.3,65.6,2026-09-14T18:00:00
node-01,45.2,71.2,477,30.1,67.8,2026-09-14T19:00:00
node-01,47.1,66.7,490,29.5,67.8,2026-09-14T20:00:00
node-01,36.7,60.0,473,27.7,73.3,2026-09-14T21:00:00
node-01,30.9,48.2,479,26.9,75.9,2026-09-14T22:00:00
node-01,29.8,48.4,488,24.3,76.7,2026-09-14T23:00:00
node-01,22.9,38.3,483,23.0,78.7,2026-09-15T00:00:00
node-01,21.3,35.9,546,22.3,84.0,2026-09-15T01:00:00
node-01,27.0,44.3,527,22.2,83.8,2026-09-15T02:00:00
node-01,,24.1,558,22.6,83.3,2026-09-15T03:00:00
node-01,25.8,42.8,547,22.1,84.0,2026-09-15T04:00:00
node-01,41.1,65.5,557,23.3,81.2,2026-09-15T05:00:00
node-01,39.4,55.8,545,23.6,78.0,2026-09-15T06:00:00
node-01,42.8,68.0,531,24.3,78.2,2026-09-15T07:00:00
node-01,36.8,59.9,482,24.9,73.5,2026-09-15T08:00:00
node-01,39.8,59.3,503,27.2,73.8,2026-09-15T09:00:00
node-01,26.7,41.7,468,28.0,70.4,2026-09-15T10:00:00
node-01,28.5,45.7,478,29.5,64.2,2026-09-15T11:00:00
node-01,30.2,47.3,474,29.8,63.7,2026-09-15T12:00:00
node-01,28.5,46.3,475,30.8,60.6,2026-09-15T13:00:00
node-01,23.5,34.5,479,31.1,59.3,2026-09-15T14:00:00
node-01,32.2,54.1,456,31.6,59.9,2026-09-15T15:00:00
node-01,32.6,52.7,482,30.6,60.6,2026-09-15T16:00:00
node-01,40.5,67.6,492,30.3,63.6,2026-09-15T17:00:00
node-01,,55.1,470,29.6,65.4,2026-09-15T18:00:00
node-01,44.2,67.7,504,29.0,65.1,2026-09-15T19:00:00
node-01,37.3,55.6,483,27.5,68.5,2026-09-15T20:00:00
node-01,37.4,58.4,473,26.5,76.2,2026-09-15T21:00:00
node-01,35.6,50.2,482,25.1,74.1,2026-09-15T22:00:00
node-01,22.7,38.6,474,23.7,78.6,2026-09-15T23:00:00
node-01,40.9,60.8,474,27.5,81.0,2026-09-16T00:00:00
node-01,36.0,59.1,491,27.0,81.6,2026-09-16T01:00:00
node-01,44.5,71.1,573,27.4,82.9,2026-09-16T02:00:00
node-01,42.2,59.9,578,26.5,84.4,2026-09-16T03:00:00
node-01,41.1,63.1,582,27.8,85.2,2026-09-16T04:00:00
node-01,41.8,69.0,557,27.2,84.9,2026-09-16T05:00:00
node-01,51.4,84.8,556,27.5,80.3,2026-09-16T06:00:00
node-01,53.2,82.3,540,28.3,78.3,2026-09-16T07:00:00
node-01,56.0,89.2,503,30.0,76.4,2026-09-16T08:00:00
node-01,51.4,84.5,494,31.0,69.7,2026-09-16T09:00:00
node-01,48.0,67.5,506,32.8,69.6,2026-09-16T10:00:00
node-01,46.3,65.6,485,33.3,67.3,2026-09-16T11:00:00
node-01,39.6,64.0,479,34.1,62.1,2026-09-16T12:00:00
node-01,48.3,70.1,478,35.3,59.2,2026-09-16T13:00:00
node-01,43.2,63.9,500,35.4,58.6,2026-09-16T14:00:00
node-01,42.9,61.5,494,35.8,63.8,2026-09-16T15:00:00
node-01,46.9,72.4,485,35.4,60.0,2026-09-16T16:00:00
node-01,54.3,78.1,491,34.4,59.3,2026-09-16T17:00:00
node-01,53.0,80.1,465,34.8,64.2,2026-09-16T18:00:00
node-01,59.0,93.0,465,33.3,62.6,2026-09-16T19:00:00
node-01,58.9,86.6,492,32.5,67.6,2026-09-16T20:00:00
node-01,,87.2,501,30.9,71.5,2026-09-16T21:00:00
node-01,44.5,67.1,467,30.3,77.5,2026-09-16T22:00:00
node-01,39.1,58.0,486,28.6,75.0,2026-09-16T23:00:00
node-01,36.2,56.7,499,27.9,82.2,2026-09-17T00:00:00
node-01,39.3,62.8,487,27.2,80.2,2026-09-17T01:00:00
node-01,41.2,61.9,555,26.2,82.6,2026-09-17T02:00:00
node-01,41.7,59.5,561,27.2,87.6,2026-09-17T03:00:00
node-01,44.3,62.5,576,25.9,87.4,2026-09-17T04:00:00
node-01,48.0,80.8,541,27.4,79.8,2026-09-17T05:00:00
node-01,51.2,76.1,517,28.4,81.1,2026-09-17T06:00:00
node-01,58.5,86.1,520,29.1,78.0,2026-09-17T07:00:00
node-01,52.8,83.2,510,29.3,74.7,2026-09-17T08:00:00
node-01,47.6,79.7,514,30.5,76.2,2026-09-17T09:00:00
node-01,47.2,74.2,514,32.2,70.9,2026-09-17T10:00:00
node-01,38.6,63.3,515,34.1,64.9,2026-09-17T11:00:00
node-01,36.7,57.6,443,34.4,60.2,2026-09-17T12:00:00
node-01,35.1,49.4,484,35.1,62.1,2026-09-17T13:00:00
node-01,,59.0,470,35.9,59.7,2026-09-17T14:00:00
node-01,42.5,68.1,486,35.7,59.3,2026-09-17T15:00:00
node-01,40.7,60.3,505,36.0,59.4,2026-09-17T16:00:00
node-01,52.9,87.9,503,35.1,62.9,2026-09-17T17:00:00
node-01,56.9,95.4,485,34.0,60.9,2026-09-17T18:00:00
node-01,56.9,87.9,478,33.0,64.4,2026-09-17T19:00:00
node-01,59.0,100.0,467,32.5,68.1,2026-09-17T20:00:00
node-01,57.7,89.1,488,30.6,71.4,2026-09-17T21:00:00
node-01,,81.8,516,29.3,75.9,2026-09-17T22:00:00
node-01,39.3,62.2,473,28.8,80.5,2026-09-17T23:00:00
node-01,25.6,37.5,511,24.4,78.6,2026-09-18T00:00:00
node-01,29.6,46.6,523,23.8,83.3,2026-09-18T01:00:00
node-01,25.4,36.7,546,23.6,83.3,2026-09-18T02:00:00
node-01,16.8,27.8,561,22.6,83.7,2026-09-18T03:00:00
node-01,27.9,42.4,562,23.3,82.9,2026-09-18T04:00:00
node-01,34.9,52.4,549,23.5,84.4,2026-09-18T05:00:00
node-01,45.9,76.2,541,24.8,80.2,2026-09-18T06:00:00
node-01,49.9,75.2,539,25.2,76.0,2026-09-18T07:00:00
node-01,41.5,66.0,506,26.7,76.1,2026-09-18T08:00:00
node-01,34.4,56.9,473,27.9,72.5,2026-09-18T09:00:00
node-01,31.9,50.8,493,28.8,71.0,2026-09-18T10:00:00
node-01,21.1,32.2,460,30.0,66.4,2026-09-18T11:00:00
node-01,34.8,49.6,471,31.0,64.3,2026-09-18T12:00:00
node-01,28.0,42.5,478,31.6,60.8,2026-09-18T13:00:00
node-01,24.8,37.0,454,32.1,62.0,2026-09-18T14:00:00
node-01,31.6,50.5,476,32.4,58.6,2026-09-18T15:00:00
node-01,31.4,48.2,476,32.7,59.8,2026-09-18T16:00:00
node-01,35.7,56.0,464,31.0,61.2,2026-09-18T17:00:00
node-01,37.6,57.6,,30.7,64.7,2026-09-18T18:00:00
node-01,49.8,74.9,453,29.9,66.0,2026-09-18T19:00:00
node-01,,67.3,480,28.8,70.3,2026-09-18T20:00:00
node-01,35.2,53.4,490,28.0,74.8,2026-09-18T21:00:00
node-01,34.2,50.3,495,26.6,70.7,2026-09-18T22:00:00
node-01,29.7,48.8,504,24.8,80.0,2026-09-18T23:00:00
node-01,26.5,42.1,490,24.6,80.9,2026-09-19T00:00:00
node-01,29.6,43.8,523,23.7,79.2,2026-09-19T01:00:00
node-01,25.4,37.9,540,23.8,76.9,2026-09-19T02:00:00
node-01,26.3,44.3,586,23.9,85.2,2026-09-19T03:00:00
node-01,35.6,58.6,596,23.5,82.7,2026-09-19T04:00:00
node-01,38.6,62.6,545,24.3,82.9,2026-09-19T05:00:00
node-01,48.6,78.0,538,24.4,82.1,2026-09-19T06:00:00
node-01,51.3,75.7,509,25.3,77.0,2026-09-19T07:00:00
node-01,44.5,70.7,505,26.5,76.2,2026-09-19T08:00:00
node-01,38.2,54.0,485,27.8,69.8,2026-09-19T09:00:00
node-01,34.8,49.7,487,28.2,65.8,2026-09-19T10:00:00
node-01,35.4,57.0,488,30.0,65.0,2026-09-19T11:00:00
node-01,30.8,50.6,455,30.7,64.0,2026-09-19T12:00:00
node-01,34.7,53.6,504,31.3,62.2,2026-09-19T13:00:00
node-01,31.1,50.4,492,32.0,64.1,2026-09-19T14:00:00
node-01,,49.7,483,32.2,61.9,2026-09-19T15:00:00
node-01,32.8,46.1,486,32.5,57.7,2026-09-19T16:00:00
node-01,37.0,56.1,464,31.2,61.3,2026-09-19T17:00:00
node-01,42.2,60.5,499,30.8,63.4,2026-09-19T18:00:00
node-01,48.7,75.3,472,30.4,67.5,2026-09-19T19:00:00
node-01,38.6,57.0,476,28.5,70.9,2026-09-19T20:00:00
node-01,40.9,68.2,496,28.4,73.7,2026-09-19T21:00:00
node-01,38.5,58.2,474,26.4,71.5,2026-09-19T22:00:00
node-01,34.3,57.7,485,25.7,77.8,2026-09-19T23:00:00
node-01,23.2,36.8,496,24.0,83.5,2026-09-20T00:00:00
node-01,23.8,36.6,505,22.6,78.8,2026-09-20T01:00:00
node-01,23.5,34.0,548,23.0,83.6,2026-09-20T02:00:00
node-01,30.9,46.7,560,22.5,81.9,2026-09-20T03:00:00
node-01,27.6,45.0,565,22.9,82.9,2026-09-20T04:00:00
node-01,30.2,51.2,575,22.6,81.0,2026-09-20T05:00:00
node-01,40.5,67.1,550,24.5,81.0,2026-09-20T06:00:00
node-01,39.3,65.9,510,24.8,78.5,2026-09-20T07:00:00
node-01,37.8,55.6,512,25.8,74.3,2026-09-20T08:00:00
node-01,34.7,56.8,463,27.3,75.3,2026-09-20T09:00:00
node-01,34.7,51.7,471,28.0,66.3,2026-09-20T10:00:00
node-01,27.9,45.9,466,28.5,68.0,2026-09-20T11:00:00
node-01,23.3,32.7,463,30.2,61.6,2026-09-20T12:00:00
node-01,24.2,37.5,477,30.9,62.2,2026-09-20T13:00:00
node-01,21.9,34.0,486,31.3,62.0,2026-09-20T14:00:00
node-01,33.1,46.8,489,31.3,60.5,2026-09-20T15:00:00
node-01,33.5,52.5,485,30.7,60.6,2026-09-20T16:00:00
node-01,36.8,52.3,468,30.9,59.9,2026-09-20T17:00:00
node-01,40.0,60.2,466,29.9,65.9,2026-09-20T18:00:00
node-01,49.7,84.3,478,29.0,66.4,2026-09-20T19:00:00
node-01,43.2,70.3,493,28.2,68.1,2026-09-20T20:00:00
node-01,44.3,72.9,466,27.6,72.3,2026-09-20T21:00:00
node-01,34.7,54.2,481,25.9,77.4,2026-09-20T22:00:00
node-01,28.3,45.6,471,25.2,78.3,2026-09-20T23:00:00
node-01,,38.8,524,24.3,81.4,2026-09-21T00:00:00
node-01,25.0,40.0,545,23.1,82.1,2026-09-21T01:00:00
node-01,26.8,45.4,554,22.8,84.6,2026-09-21T02:00:00
node-01,29.1,44.7,577,22.5,83.8,2026-09-21T03:00:00
node-01,28.0,40.5,582,22.3,85.1,2026-09-21T04:00:00
node-01,39.9,65.6,559,22.4,79.5,2026-09-21T05:00:00
node-01,46.3,68.7,543,24.2,84.0,2026-09-21T06:00:00
node-01,36.5,57.8,542,24.5,77.0,2026-09-21T07:00:00
node-01,49.9,74.8,492,25.5,74.7,2026-09-21T08:00:00
node-01,37.7,56.3,458,26.8,69.7,2026-09-21T09:00:00
node-01,32.3,54.3,481,28.4,68.0,2026-09-21T10:00:00
node-01,29.9,49.8,489,29.1,62.6,2026-09-21T11:00:00
node-01,22.7,38.1,488,30.8,60.6,2026-09-21T12:00:00
node-01,28.3,46.1,485,30.6,60.6,2026-09-21T13:00:00
node-01,27.5,41.5,502,31.1,58.3,2026-09-21T14:00:00
node-01,27.5,45.5,465,31.2,60.1,2026-09-21T15:00:00
node-01,31.9,47.2,477,30.7,62.1,2026-09-21T16:00:00
node-01,45.3,76.8,493,31.1,59.9,2026-09-21T17:00:00
node-01,42.0,59.3,495,30.1,61.6,2026-09-21T18:00:00
node-01,43.8,68.2,459,29.7,63.5,2026-09-21T19:00:00
node-01,42.5,72.2,476,27.7,68.7,2026-09-21T20:00:00
node-01,31.3,44.3,477,26.8,73.9,2026-09-21T21:00:00
node-01,27.8,44.0,483,26.2,75.9,2026-09-21T22:00:00
node-01,22.3,32.0,487,24.8,73.4,2026-09-21T23:00:00
node-01,25.1,39.6,501,24.1,79.2,2026-09-22T00:00:00
node-01,24.4,40.0,486,23.4,81.4,2026-09-22T01:00:00
node-01,24.6,37.3,554,23.1,81.3,2026-09-22T02:00:00
node-01,23.7,39.7,578,22.3,82.8,2026-09-22T03:00:00
node-01,34.2,52.2,591,22.7,86.8,2026-09-22T04:00:00
node-01,38.3,56.0,566,23.2,81.3,2026-09-22T05:00:00
node-01,42.3,70.4,539,24.2,83.1,2026-09-22T06:00:00
node-01,50.2,74.0,526,24.6,77.2,2026-09-22T07:00:00
node-01,44.9,71.7,500,26.9,76.0,2026-09-22T08:00:00
node-01,34.0,48.1,519,27.1,72.6,2026-09-22T09:00:00
node-01,29.6,48.4,463,28.7,70.9,2026-09-22T10:00:00
node-01,31.6,47.7,487,29.5,66.5,2026-09-22T11:00:00
node-01,27.2,43.7,487,30.5,65.9,2026-09-22T12:00:00
node-01,26.3,42.6,475,30.4,57.3,2026-09-22T13:00:00
node-01,39.0,58.0,462,31.4,59.3,2026-09-22T14:00:00
node-01,28.6,44.9,486,31.3,59.7,2026-09-22T15:00:00
node-01,28.5,48.3,465,31.8,60.4,2026-09-22T16:00:00
node-01,42.5,72.2,458,30.9,62.5,2026-09-22T17:00:00
node-01,46.0,68.3,480,30.6,61.9,2026-09-22T18:00:00
node-01,51.6,77.5,480,29.5,63.3,2026-09-22T19:00:00
node-01,41.6,66.6,491,29.1,67.1,2026-09-22T20:00:00
node-01,32.5,50.7,457,27.0,75.0,2026-09-22T21:00:00
node-01,35.0,56.6,469,26.0,77.4,2026-09-22T22:00:00
node-01,32.5,48.9,450,25.4,77.7,2026-09-22T23:00:00
